name,price,stock,image_url,url
,,有货,https://img.alicdn.com/imgextra/i4/1863639347/O1CN01oX7z5I2IuyiFXx6Rw_!!1863639347.jpg_.webp,https://item.taobao.com/item.htm?id=648235194387&mi_id=0000Hwe2_9qjsK2kZ6kg8haMNtaUWnLl0CLFIug2ZZUdSY4&spm=a21xtw.29978518.0.0
,,有货,https://img.alicdn.com/imgextra/i4/1863639347/O1CN01vEkuTE2IuyjGyk2cI_!!1863639347.jpg_.webp,https://item.taobao.com/item.htm?id=653981794800&mi_id=0000-7X4TXdtmb82syztxpd6EPv3BLobqdsmRmR7weqnLm0&spm=a21xtw.29978518.0.0
,,有货,https://img.alicdn.com/imgextra/i3/1863639347/O1CN01P5lDxJ2IuyqUlHN8F_!!1863639347.jpg_.webp,https://item.taobao.com/item.htm?id=707189523806&mi_id=0000mWgH0oJwydelnU1DtVbXCMlGlSWk3UU4R1gg9Ft86Eo&spm=a21xtw.29978518.0.0
,,有货,https://img.alicdn.com/imgextra/i3/1863639347/O1CN01VA8csM2Iuyrqnc26s_!!1863639347.jpg_.webp,https://item.taobao.com/item.htm?id=718707464861&mi_id=000002OB817io8KvhFfBlZP_Msh-JQc7L_X-JH0uPnucFMw&spm=a21xtw.29978518.0.0
,,有货,https://gw.alicdn.com/bao/uploaded/i1/1863639347/O1CN01RSIUXC2IuyrsxCaGU_!!1863639347.jpg_.webp,https://item.taobao.com/item.htm?id=719733902531&mi_id=0000twItgdKANVEyTHNmZDSemeChnGyeZFDbuD_K2lbAiPk&spm=a21xtw.29978518.0.0
,,有货,https://img.alicdn.com/imgextra/i1/1863639347/O1CN01PnnD4z2Iuys3pWF7h_!!1863639347.jpg_.webp,https://item.taobao.com/item.htm?id=721486725809&mi_id=0000l_7efamLeSjYpiZGZ1x0YVYYStcfT29ueFVfiMKrJkQ&spm=a21xtw.29978518.0.0
,,有货,https://img.alicdn.com/imgextra/i3/1863639347/O1CN01tPWf832IuyslSaMH1_!!1863639347.jpg_.webp,https://item.taobao.com/item.htm?id=727011839673&mi_id=0000QWP1THx8ZY3mRnovLFdLLCw4PBj7pD5gx2cyNoCQYk4&spm=a21xtw.29978518.0.0
,,有货,https://img.alicdn.com/imgextra/i4/1863639347/O1CN01yPQhk82Iuysx0vSvh_!!1863639347.jpg_.webp,https://item.taobao.com/item.htm?id=729309791507&mi_id=0000H07UN_xpZ9wTLLH6Rqu4Njq8fyrthfZz3thh3iPZlP8&spm=a21xtw.29978518.0.0
,,有货,https://img.alicdn.com/imgextra/i1/1863639347/O1CN01KfU09X2IuytPYERZ3_!!1863639347.jpg_.webp,https://item.taobao.com/item.htm?id=732367413915&mi_id=0000_p9ZoLhzyMEtWWJ0hvu4Yn50Yv98tEWZUwSGsHjghLw&spm=a21xtw.29978518.0.0
,,有货,https://img.alicdn.com/imgextra/i3/1863639347/O1CN013nhSuc2IuyttVm8H2_!!1863639347.jpg_.webp,https://item.taobao.com/item.htm?id=736523607140&mi_id=000052YtaHD0OIQxoBscQczOwVpZLh6ctCE_iV8nTR9iF58&spm=a21xtw.29978518.0.0
,,有货,https://img.alicdn.com/imgextra/i4/1863639347/O1CN01kWgSVE2IuywEp9Mnt_!!1863639347.jpg_.webp,https://item.taobao.com/item.htm?id=757912475949&mi_id=0000RellALrtMcpQpru8BvQ1BQo_po1Rzfn0oh8VW2nUjO0&spm=a21xtw.29978518.0.0
,,有货,https://img.alicdn.com/imgextra/i3/1863639347/O1CN01yjxUiC2IuyxLHHHdU_!!1863639347.jpg_.webp,https://item.taobao.com/item.htm?id=770266990377&mi_id=0000pZhqLN8Nn2f87GCUOkO5whPNgwOprP4djnMRkZkxEKY&spm=a21xtw.29978518.0.0
,,有货,https://img.alicdn.com/imgextra/i3/1863639347/O1CN01g7oxzn2IuyyjlooW7_!!1863639347.jpg_.webp,https://item.taobao.com/item.htm?id=787823188753&mi_id=0000ckI-BH3_utCZZ3KTTyJJVRIYU1OdG_hMwOz3DHhgzt0&spm=a21xtw.29978518.0.0
,,有货,获取失败,https://item.taobao.com/item.htm?id=797692199136&mi_id=00008AqYeiz8foJq28TMV3syOFB9DjSWiupfx7rTm1-rMzQ&spm=a21xtw.29978518.0.0
,,有货,https://img.alicdn.com/imgextra/i1/1863639347/O1CN01NJncz22Iuz1kztXei_!!1863639347.jpg_.webp,https://item.taobao.com/item.htm?id=845951464559&mi_id=00003elbo8sdiURQ0_ci7kkilxDXxSaq69NElPkSzqu-21Q&spm=a21xtw.29978518.0.0
,,有货,https://img.alicdn.com/imgextra/i1/1863639347/O1CN01rKpqgX2Iuz2STAhwx_!!1863639347.jpg_.webp,https://item.taobao.com/item.htm?id=855436064416&mi_id=00000iS14aY1JUpAAXAvS8YjVBlmrkfKNYwWTCStQlpjzYk&spm=a21xtw.29978518.0.0
,,有货,https://img.alicdn.com/imgextra/i1/1863639347/O1CN01ovO6FC2Iuz30AMuv4_!!1863639347.jpg_.webp,https://item.taobao.com/item.htm?id=864970296985&mi_id=00009LgXGKrBNu6nderVcbAtIyItYUUrUNaNGfUKenAkuWk&spm=a21xtw.29978518.0.0
,,有货,https://img.alicdn.com/imgextra/i3/1863639347/O1CN01degvCS2Iuz3exD4IC_!!1863639347.jpg_.webp,https://item.taobao.com/item.htm?id=881664255805&mi_id=0000oAhPX5-7cI3WzzKRZMTFN7fpfHB4xWloOPrRMRIjYKg&spm=a21xtw.29978518.0.0
,,有货,https://img.alicdn.com/imgextra/i2/1863639347/O1CN019XHZxF2Iuz4D37wdL_!!1863639347.jpg_.webp,https://item.taobao.com/item.htm?id=898170983477&mi_id=0000cj5XIHumuPMErYiylyVmGrS1WArj7IqAGzHNKt2tFd8&spm=a21xtw.29978518.0.0
,,有货,https://img.alicdn.com/imgextra/i1/1863639347/O1CN01AIWV1j2Iuz4gp7Idw_!!1863639347.jpg_.webp,https://item.taobao.com/item.htm?id=911311785545&mi_id=0000a87q7GPppn32hIivPVN1NCrDPyqCH_wcBHZEsys-miY&spm=a21xtw.29978518.0.0
,,有货,https://img.alicdn.com/imgextra/i3/1863639347/O1CN01CJ4HrJ2Iuz5x75W7x_!!1863639347.jpg_.webp,https://item.taobao.com/item.htm?id=946151532398&mi_id=0000kl1aHyVwTZA4GbOCBURmMRlwx8Vr8GyEm1UR58xE6-0&spm=a21xtw.29978518.0.0
,,有货,https://gw.alicdn.com/imgextra/O1CN010JEumj2Iuz8UxMOzv_!!1863639347.jpg_.webp,https://item.taobao.com/item.htm?id=975588334034&mi_id=0000KzAlNbS-EMTTZ6w83wTmVo9qBbbHoZt1h6vq8POM-Ko&spm=a21xtw.29978518.0.0
,,有货,https://img.alicdn.com/imgextra/i2/1863639347/O1CN01yJOlyc2Iuz8UupRfY_!!1863639347.jpg_.webp,https://item.taobao.com/item.htm?id=998705265407&mi_id=0000poWSV5Dhbykql61bfHtZ6ayUCt_6VVB2JzCEhgBj9Rk&spm=a21xtw.29978518.0.0
